{
  "project_info": {
    "project_number": "312712445620",
    "project_id": "eazy-scholar",
    "storage_bucket": "eazy-scholar.appspot.com"
  },
  "client": [
    {
      "client_info": {
        "mobilesdk_app_id": "1:312712445620:android:de550255296a9eeb5061e1",
        "android_client_info": {
          "package_name": "com.cakiweb.easyscholar"
        }
      },
      "oauth_client": [
        {
          "client_id": "312712445620-3k179odl782ckgeug95rt6lbj44m9rna.apps.googleusercontent.com",
          "client_type": 3
        }
      ],
      "api_key": [
        {
          "current_key": "AIzaSyAUSCvIQVe3rX5f02t4s-zhp65ye7aeF9U"
        }
      ],
      "services": {
        "appinvite_service": {
          "other_platform_oauth_client": [
            {
              "client_id": "312712445620-3k179odl782ckgeug95rt6lbj44m9rna.apps.googleusercontent.com",
              "client_type": 3
            }
          ]
        }
      }
    }
  ],
  "configuration_version": "1"
}